Designator,Val,Package,Mid X,Mid Y,Rotation,Layer
C1,10μ,C_01005_0402Metric_Pad0.57x0.30mm_HandSolder,155.6,-94.03,0,top
C10,10μ,C_0402_1005Metric_Pad0.74x0.62mm_HandSolder,155.9,-85.67,0,top
C11,0.1μ,C_0402_1005Metric_Pad0.74x0.62mm_HandSolder,159.11,-75.82,0,top
C12,0.1μ,C_0402_1005Metric_Pad0.74x0.62mm_HandSolder,159.11,-77.79,0,top
C13,0.1μ,C_0402_1005Metric_Pad0.74x0.62mm_HandSolder,159.11,-79.76,0,top
C14,22μ,C_0603_1608Metric_Pad1.08x0.95mm_HandSolder,143.42,-83.62,0,top
C15,0.1u,C_0402_1005Metric_Pad0.74x0.62mm_HandSolder,159.11,-81.73,0,top
C16,10u,C_0402_1005Metric_Pad0.74x0.62mm_HandSolder,159.11,-83.7,0,top
C17,10u,C_0402_1005Metric_Pad0.74x0.62mm_HandSolder,159.11,-85.67,0,top
C2,22μ,C_0603_1608Metric_Pad1.08x0.95mm_HandSolder,143.42,-76.09,0,top
C24,2.2u,C_0402_1005Metric_Pad0.74x0.62mm_HandSolder,162.32,-75.82,0,top
C25,0.01u,C_0201_0603Metric_Pad0.64x0.40mm_HandSolder,160.03,-90.48,0,top
C26,10u,C_0402_1005Metric_Pad0.74x0.62mm_HandSolder,162.32,-77.79,0,top
C27,2.2u,C_0402_1005Metric_Pad0.74x0.62mm_HandSolder,162.32,-79.76,0,top
C28,0.01u,C_0201_0603Metric_Pad0.64x0.40mm_HandSolder,160.03,-92.23,0,top
C29,10u,C_0402_1005Metric_Pad0.74x0.62mm_HandSolder,162.32,-81.73,0,top
C3,1μ,C_0603_1608Metric_Pad1.08x0.95mm_HandSolder,143.42,-78.6,0,top
C4,10μ,C_0402_1005Metric_Pad0.74x0.62mm_HandSolder,155.9,-75.82,0,top
C5,22μ,C_0603_1608Metric_Pad1.08x0.95mm_HandSolder,143.42,-81.11,0,top
C6,0.1μ,C_0402_1005Metric_Pad0.74x0.62mm_HandSolder,155.9,-77.79,0,top
C7,0.1μ,C_0402_1005Metric_Pad0.74x0.62mm_HandSolder,155.9,-79.76,0,top
C8,10μ,C_0402_1005Metric_Pad0.74x0.62mm_HandSolder,155.9,-81.73,0,top
C9,0.1μ,C_0402_1005Metric_Pad0.74x0.62mm_HandSolder,155.9,-83.7,0,top
D1,LED,LED_0603_1608Metric_Pad1.05x0.95mm_HandSolder,157.415,-113.65,0,top
D2,LED,LED_0603_1608Metric_Pad1.05x0.95mm_HandSolder,157.415,-116.24,0,top
L1,2.2μ,L_0805_2012Metric_Pad1.05x1.20mm_HandSolder,151.64,-112.36,0,top
L2,1μ,L_0805_2012Metric_Pad1.05x1.20mm_HandSolder,151.64,-115.11,0,top
Q2,MMBT2222A,SOT-23,162.03,-114.755,0,top
R1,10k,R_0603_1608Metric_Pad0.98x0.95mm_HandSolder,143.42,-86.13,0,top
R10,2.7k,R_0603_1608Metric_Pad0.98x0.95mm_HandSolder,147.77,-83.62,0,top
R11,4.7K,R_0603_1608Metric_Pad0.98x0.95mm_HandSolder,147.77,-86.13,0,top
R12,1k,R_0603_1608Metric_Pad0.98x0.95mm_HandSolder,147.77,-88.64,0,top
R13,3.3k,R_0603_1608Metric_Pad0.98x0.95mm_HandSolder,147.77,-91.15,0,top
R14,3.3k,R_0603_1608Metric_Pad0.98x0.95mm_HandSolder,147.77,-93.66,0,top
R15,1k,R_0603_1608Metric_Pad0.98x0.95mm_HandSolder,152.12,-76.09,0,top
R17,0.56,R_1206_3216Metric_Pad1.30x1.75mm_HandSolder,167.45,-114,0,top
R2,100k,R_0603_1608Metric_Pad0.98x0.95mm_HandSolder,143.42,-88.64,0,top
R20,2.7k,R_0603_1608Metric_Pad0.98x0.95mm_HandSolder,152.12,-78.6,0,top
R21,3.3k,R_0603_1608Metric_Pad0.98x0.95mm_HandSolder,152.12,-81.11,0,top
R25,1,R_0603_1608Metric_Pad0.98x0.95mm_HandSolder,152.12,-83.62,0,top
R26,1,R_0603_1608Metric_Pad0.98x0.95mm_HandSolder,152.12,-86.13,0,top
R27,56k,R_0603_1608Metric_Pad0.98x0.95mm_HandSolder,152.12,-88.64,0,top
R28,0.39,R_0402_1005Metric_Pad0.72x0.64mm_HandSolder,168.97,-107.24,0,top
R29,0.39,R_0402_1005Metric_Pad0.72x0.64mm_HandSolder,168.97,-109.23,0,top
R3,1k,R_0603_1608Metric_Pad0.98x0.95mm_HandSolder,143.42,-91.15,0,top
R30,56k,R_0603_1608Metric_Pad0.98x0.95mm_HandSolder,152.12,-91.15,0,top
R4,680k,R_0402_1005Metric_Pad0.72x0.64mm_HandSolder,168.97,-105.25,0,top
R5,100k,R_0603_1608Metric_Pad0.98x0.95mm_HandSolder,143.42,-93.66,0,top
R6,56k,R_0603_1608Metric_Pad0.98x0.95mm_HandSolder,147.77,-76.09,0,top
R7,10k,R_0603_1608Metric_Pad0.98x0.95mm_HandSolder,147.77,-78.6,0,top
R8,10k,R_0603_1608Metric_Pad0.98x0.95mm_HandSolder,147.77,-81.11,0,top
R9,0.1,R_0805_2012Metric_Pad1.20x1.40mm_HandSolder,161,-88.13,0,top
U1,CH224K,SSOP-10-1EP_3.9x4.9mm_P1mm_EP2.1x3.3mm,168.17,-84.895,0,top
U10,DRV8833PWP_C1556089,ETSSOP-16_L5.0-W4.4-P0.65-LS6.4-BL-EP,144.8449,-106.925,0,top
U11,DRV8833PWP_C1556089,ETSSOP-16_L5.0-W4.4-P0.65-LS6.4-BL-EP,151.5972,-106.925,0,top
U12,HX SS12D10G4,SW-TH_SHOU-HAN_SS12D10G4,148.2219,-98.892,0,top
U2,TPS62172DSG,WSON-8-1EP_2x2mm_P0.5mm_EP0.9x1.6mm_ThermalVias,156.505,-88.565,0,top
U3,TPS61023DRLR,SOT-563_L1.6-W1.2-P0.50-LS1.6-BR,155.8449,-91.6723,0,top
U4,AP2171W,SOT-23-5,168.62,-97.315,0,top
U5,AP2171W,SOT-23-5,168.62,-101.94,0,top
U6,INA219AxD,SOIC-8_3.9x4.9mm_P1.27mm,168.15,-91.47,0,top
U7,TP4056-MS,SOP-8_L4.9-W3.9-P1.27-LS6.0-TL-EP,168.225,-78.326206,0,top
USBC1,TYPE-C-31-M-12,USB-C_SMD-TYPE-C-31-M-12,160.6201,-98.66415,0,top
